"","lon","lat"
"1",-80,48
"2",-79.75,48
"3",-79.5,48
"4",-79.25,48
"5",-79,48
"6",-78.75,48
"7",-78.5,48
"8",-78.25,48
"9",-78,48
"10",-77.75,48
"11",-77.5,48
"12",-77.25,48
"13",-77,48
"14",-76.75,48
"15",-76.5,48
"16",-76.25,48
"17",-76,48
"18",-75.75,48
"19",-75.5,48
"20",-75.25,48
"21",-75,48
"22",-74.75,48
"23",-74.5,48
"24",-74.25,48
"25",-74,48
"26",-73.75,48
"27",-73.5,48
"28",-73.25,48
"29",-73,48
"30",-72.75,48
"31",-72.5,48
"32",-72.25,48
"33",-72,48
"34",-71.75,48
"35",-71.5,48
"36",-71.25,48
"37",-71,48
"38",-70.75,48
"39",-70.5,48
"40",-70.25,48
"41",-70,48
"42",-69.75,48
"43",-69.5,48
"44",-69.25,48
"45",-69,48
"46",-68.75,48
"47",-68.5,48
"48",-68.25,48
"49",-68,48
"50",-67.75,48
"51",-67.5,48
"52",-67.25,48
"53",-67,48
"54",-66.75,48
"55",-66.5,48
"56",-66.25,48
"57",-66,48
"58",-80,47.75
"59",-79.75,47.75
"60",-79.5,47.75
"61",-79.25,47.75
"62",-79,47.75
"63",-78.75,47.75
"64",-78.5,47.75
"65",-78.25,47.75
"66",-78,47.75
"67",-77.75,47.75
"68",-77.5,47.75
"69",-77.25,47.75
"70",-77,47.75
"71",-76.75,47.75
"72",-76.5,47.75
"73",-76.25,47.75
"74",-76,47.75
"75",-75.75,47.75
"76",-75.5,47.75
"77",-75.25,47.75
"78",-75,47.75
"79",-74.75,47.75
"80",-74.5,47.75
"81",-74.25,47.75
"82",-74,47.75
"83",-73.75,47.75
"84",-73.5,47.75
"85",-73.25,47.75
"86",-73,47.75
"87",-72.75,47.75
"88",-72.5,47.75
"89",-72.25,47.75
"90",-72,47.75
"91",-71.75,47.75
"92",-71.5,47.75
"93",-71.25,47.75
"94",-71,47.75
"95",-70.75,47.75
"96",-70.5,47.75
"97",-70.25,47.75
"98",-70,47.75
"99",-69.75,47.75
"100",-69.5,47.75
"101",-69.25,47.75
"102",-69,47.75
"103",-68.75,47.75
"104",-68.5,47.75
"105",-68.25,47.75
"106",-68,47.75
"107",-67.75,47.75
"108",-67.5,47.75
"109",-67.25,47.75
"110",-67,47.75
"111",-66.75,47.75
"112",-66.5,47.75
"113",-66.25,47.75
"114",-66,47.75
"115",-80,47.5
"116",-79.75,47.5
"117",-79.5,47.5
"118",-79.25,47.5
"119",-79,47.5
"120",-78.75,47.5
"121",-78.5,47.5
"122",-78.25,47.5
"123",-78,47.5
"124",-77.75,47.5
"125",-77.5,47.5
"126",-77.25,47.5
"127",-77,47.5
"128",-76.75,47.5
"129",-76.5,47.5
"130",-76.25,47.5
"131",-76,47.5
"132",-75.75,47.5
"133",-75.5,47.5
"134",-75.25,47.5
"135",-75,47.5
"136",-74.75,47.5
"137",-74.5,47.5
"138",-74.25,47.5
"139",-74,47.5
"140",-73.75,47.5
"141",-73.5,47.5
"142",-73.25,47.5
"143",-73,47.5
"144",-72.75,47.5
"145",-72.5,47.5
"146",-72.25,47.5
"147",-72,47.5
"148",-71.75,47.5
"149",-71.5,47.5
"150",-71.25,47.5
"151",-71,47.5
"152",-70.75,47.5
"153",-70.5,47.5
"154",-70.25,47.5
"155",-70,47.5
"156",-69.75,47.5
"157",-69.5,47.5
"158",-69.25,47.5
"159",-69,47.5
"160",-68.75,47.5
"161",-68.5,47.5
"162",-68.25,47.5
"163",-68,47.5
"164",-67.75,47.5
"165",-67.5,47.5
"166",-67.25,47.5
"167",-67,47.5
"168",-66.75,47.5
"169",-66.5,47.5
"170",-66.25,47.5
"171",-66,47.5
"172",-80,47.25
"173",-79.75,47.25
"174",-79.5,47.25
"175",-79.25,47.25
"176",-79,47.25
"177",-78.75,47.25
"178",-78.5,47.25
"179",-78.25,47.25
"180",-78,47.25
"181",-77.75,47.25
"182",-77.5,47.25
"183",-77.25,47.25
"184",-77,47.25
"185",-76.75,47.25
"186",-76.5,47.25
"187",-76.25,47.25
"188",-76,47.25
"189",-75.75,47.25
"190",-75.5,47.25
"191",-75.25,47.25
"192",-75,47.25
"193",-74.75,47.25
"194",-74.5,47.25
"195",-74.25,47.25
"196",-74,47.25
"197",-73.75,47.25
"198",-73.5,47.25
"199",-73.25,47.25
"200",-73,47.25
"201",-72.75,47.25
"202",-72.5,47.25
"203",-72.25,47.25
"204",-72,47.25
"205",-71.75,47.25
"206",-71.5,47.25
"207",-71.25,47.25
"208",-71,47.25
"209",-70.75,47.25
"210",-70.5,47.25
"211",-70.25,47.25
"212",-70,47.25
"213",-69.75,47.25
"214",-69.5,47.25
"215",-69.25,47.25
"216",-69,47.25
"217",-68.75,47.25
"218",-68.5,47.25
"219",-68.25,47.25
"220",-68,47.25
"221",-67.75,47.25
"222",-67.5,47.25
"223",-67.25,47.25
"224",-67,47.25
"225",-66.75,47.25
"226",-66.5,47.25
"227",-66.25,47.25
"228",-66,47.25
"229",-80,47
"230",-79.75,47
"231",-79.5,47
"232",-79.25,47
"233",-79,47
"234",-78.75,47
"235",-78.5,47
"236",-78.25,47
"237",-78,47
"238",-77.75,47
"239",-77.5,47
"240",-77.25,47
"241",-77,47
"242",-76.75,47
"243",-76.5,47
"244",-76.25,47
"245",-76,47
"246",-75.75,47
"247",-75.5,47
"248",-75.25,47
"249",-75,47
"250",-74.75,47
"251",-74.5,47
"252",-74.25,47
"253",-74,47
"254",-73.75,47
"255",-73.5,47
"256",-73.25,47
"257",-73,47
"258",-72.75,47
"259",-72.5,47
"260",-72.25,47
"261",-72,47
"262",-71.75,47
"263",-71.5,47
"264",-71.25,47
"265",-71,47
"266",-70.75,47
"267",-70.5,47
"268",-70.25,47
"269",-70,47
"270",-69.75,47
"271",-69.5,47
"272",-69.25,47
"273",-69,47
"274",-68.75,47
"275",-68.5,47
"276",-68.25,47
"277",-68,47
"278",-67.75,47
"279",-67.5,47
"280",-67.25,47
"281",-67,47
"282",-66.75,47
"283",-66.5,47
"284",-66.25,47
"285",-66,47
"286",-80,46.75
"287",-79.75,46.75
"288",-79.5,46.75
"289",-79.25,46.75
"290",-79,46.75
"291",-78.75,46.75
"292",-78.5,46.75
"293",-78.25,46.75
"294",-78,46.75
"295",-77.75,46.75
"296",-77.5,46.75
"297",-77.25,46.75
"298",-77,46.75
"299",-76.75,46.75
"300",-76.5,46.75
"301",-76.25,46.75
"302",-76,46.75
"303",-75.75,46.75
"304",-75.5,46.75
"305",-75.25,46.75
"306",-75,46.75
"307",-74.75,46.75
"308",-74.5,46.75
"309",-74.25,46.75
"310",-74,46.75
"311",-73.75,46.75
"312",-73.5,46.75
"313",-73.25,46.75
"314",-73,46.75
"315",-72.75,46.75
"316",-72.5,46.75
"317",-72.25,46.75
"318",-72,46.75
"319",-71.75,46.75
"320",-71.5,46.75
"321",-71.25,46.75
"322",-71,46.75
"323",-70.75,46.75
"324",-70.5,46.75
"325",-70.25,46.75
"326",-70,46.75
"327",-69.75,46.75
"328",-69.5,46.75
"329",-69.25,46.75
"330",-69,46.75
"331",-68.75,46.75
"332",-68.5,46.75
"333",-68.25,46.75
"334",-68,46.75
"335",-67.75,46.75
"336",-67.5,46.75
"337",-67.25,46.75
"338",-67,46.75
"339",-66.75,46.75
"340",-66.5,46.75
"341",-66.25,46.75
"342",-66,46.75
"343",-80,46.5
"344",-79.75,46.5
"345",-79.5,46.5
"346",-79.25,46.5
"347",-79,46.5
"348",-78.75,46.5
"349",-78.5,46.5
"350",-78.25,46.5
"351",-78,46.5
"352",-77.75,46.5
"353",-77.5,46.5
"354",-77.25,46.5
"355",-77,46.5
"356",-76.75,46.5
"357",-76.5,46.5
"358",-76.25,46.5
"359",-76,46.5
"360",-75.75,46.5
"361",-75.5,46.5
"362",-75.25,46.5
"363",-75,46.5
"364",-74.75,46.5
"365",-74.5,46.5
"366",-74.25,46.5
"367",-74,46.5
"368",-73.75,46.5
"369",-73.5,46.5
"370",-73.25,46.5
"371",-73,46.5
"372",-72.75,46.5
"373",-72.5,46.5
"374",-72.25,46.5
"375",-72,46.5
"376",-71.75,46.5
"377",-71.5,46.5
"378",-71.25,46.5
"379",-71,46.5
"380",-70.75,46.5
"381",-70.5,46.5
"382",-70.25,46.5
"383",-70,46.5
"384",-69.75,46.5
"385",-69.5,46.5
"386",-69.25,46.5
"387",-69,46.5
"388",-68.75,46.5
"389",-68.5,46.5
"390",-68.25,46.5
"391",-68,46.5
"392",-67.75,46.5
"393",-67.5,46.5
"394",-67.25,46.5
"395",-67,46.5
"396",-66.75,46.5
"397",-66.5,46.5
"398",-66.25,46.5
"399",-66,46.5
"400",-80,46.25
"401",-79.75,46.25
"402",-79.5,46.25
"403",-79.25,46.25
"404",-79,46.25
"405",-78.75,46.25
"406",-78.5,46.25
"407",-78.25,46.25
"408",-78,46.25
"409",-77.75,46.25
"410",-77.5,46.25
"411",-77.25,46.25
"412",-77,46.25
"413",-76.75,46.25
"414",-76.5,46.25
"415",-76.25,46.25
"416",-76,46.25
"417",-75.75,46.25
"418",-75.5,46.25
"419",-75.25,46.25
"420",-75,46.25
"421",-74.75,46.25
"422",-74.5,46.25
"423",-74.25,46.25
"424",-74,46.25
"425",-73.75,46.25
"426",-73.5,46.25
"427",-73.25,46.25
"428",-73,46.25
"429",-72.75,46.25
"430",-72.5,46.25
"431",-72.25,46.25
"432",-72,46.25
"433",-71.75,46.25
"434",-71.5,46.25
"435",-71.25,46.25
"436",-71,46.25
"437",-70.75,46.25
"438",-70.5,46.25
"439",-70.25,46.25
"440",-70,46.25
"441",-69.75,46.25
"442",-69.5,46.25
"443",-69.25,46.25
"444",-69,46.25
"445",-68.75,46.25
"446",-68.5,46.25
"447",-68.25,46.25
"448",-68,46.25
"449",-67.75,46.25
"450",-67.5,46.25
"451",-67.25,46.25
"452",-67,46.25
"453",-66.75,46.25
"454",-66.5,46.25
"455",-66.25,46.25
"456",-66,46.25
"457",-80,46
"458",-79.75,46
"459",-79.5,46
"460",-79.25,46
"461",-79,46
"462",-78.75,46
"463",-78.5,46
"464",-78.25,46
"465",-78,46
"466",-77.75,46
"467",-77.5,46
"468",-77.25,46
"469",-77,46
"470",-76.75,46
"471",-76.5,46
"472",-76.25,46
"473",-76,46
"474",-75.75,46
"475",-75.5,46
"476",-75.25,46
"477",-75,46
"478",-74.75,46
"479",-74.5,46
"480",-74.25,46
"481",-74,46
"482",-73.75,46
"483",-73.5,46
"484",-73.25,46
"485",-73,46
"486",-72.75,46
"487",-72.5,46
"488",-72.25,46
"489",-72,46
"490",-71.75,46
"491",-71.5,46
"492",-71.25,46
"493",-71,46
"494",-70.75,46
"495",-70.5,46
"496",-70.25,46
"497",-70,46
"498",-69.75,46
"499",-69.5,46
"500",-69.25,46
"501",-69,46
"502",-68.75,46
"503",-68.5,46
"504",-68.25,46
"505",-68,46
"506",-67.75,46
"507",-67.5,46
"508",-67.25,46
"509",-67,46
"510",-66.75,46
"511",-66.5,46
"512",-66.25,46
"513",-66,46
"514",-80,45.75
"515",-79.75,45.75
"516",-79.5,45.75
"517",-79.25,45.75
"518",-79,45.75
"519",-78.75,45.75
"520",-78.5,45.75
"521",-78.25,45.75
"522",-78,45.75
"523",-77.75,45.75
"524",-77.5,45.75
"525",-77.25,45.75
"526",-77,45.75
"527",-76.75,45.75
"528",-76.5,45.75
"529",-76.25,45.75
"530",-76,45.75
"531",-75.75,45.75
"532",-75.5,45.75
"533",-75.25,45.75
"534",-75,45.75
"535",-74.75,45.75
"536",-74.5,45.75
"537",-74.25,45.75
"538",-74,45.75
"539",-73.75,45.75
"540",-73.5,45.75
"541",-73.25,45.75
"542",-73,45.75
"543",-72.75,45.75
"544",-72.5,45.75
"545",-72.25,45.75
"546",-72,45.75
"547",-71.75,45.75
"548",-71.5,45.75
"549",-71.25,45.75
"550",-71,45.75
"551",-70.75,45.75
"552",-70.5,45.75
"553",-70.25,45.75
"554",-70,45.75
"555",-69.75,45.75
"556",-69.5,45.75
"557",-69.25,45.75
"558",-69,45.75
"559",-68.75,45.75
"560",-68.5,45.75
"561",-68.25,45.75
"562",-68,45.75
"563",-67.75,45.75
"564",-67.5,45.75
"565",-67.25,45.75
"566",-67,45.75
"567",-66.75,45.75
"568",-66.5,45.75
"569",-66.25,45.75
"570",-66,45.75
"571",-80,45.5
"572",-79.75,45.5
"573",-79.5,45.5
"574",-79.25,45.5
"575",-79,45.5
"576",-78.75,45.5
"577",-78.5,45.5
"578",-78.25,45.5
"579",-78,45.5
"580",-77.75,45.5
"581",-77.5,45.5
"582",-77.25,45.5
"583",-77,45.5
"584",-76.75,45.5
"585",-76.5,45.5
"586",-76.25,45.5
"587",-76,45.5
"588",-75.75,45.5
"589",-75.5,45.5
"590",-75.25,45.5
"591",-75,45.5
"592",-74.75,45.5
"593",-74.5,45.5
"594",-74.25,45.5
"595",-74,45.5
"596",-73.75,45.5
"597",-73.5,45.5
"598",-73.25,45.5
"599",-73,45.5
"600",-72.75,45.5
"601",-72.5,45.5
"602",-72.25,45.5
"603",-72,45.5
"604",-71.75,45.5
"605",-71.5,45.5
"606",-71.25,45.5
"607",-71,45.5
"608",-70.75,45.5
"609",-70.5,45.5
"610",-70.25,45.5
"611",-70,45.5
"612",-69.75,45.5
"613",-69.5,45.5
"614",-69.25,45.5
"615",-69,45.5
"616",-68.75,45.5
"617",-68.5,45.5
"618",-68.25,45.5
"619",-68,45.5
"620",-67.75,45.5
"621",-67.5,45.5
"622",-67.25,45.5
"623",-67,45.5
"624",-66.75,45.5
"625",-66.5,45.5
"626",-66.25,45.5
"627",-66,45.5
"628",-80,45.25
"629",-79.75,45.25
"630",-79.5,45.25
"631",-79.25,45.25
"632",-79,45.25
"633",-78.75,45.25
"634",-78.5,45.25
"635",-78.25,45.25
"636",-78,45.25
"637",-77.75,45.25
"638",-77.5,45.25
"639",-77.25,45.25
"640",-77,45.25
"641",-76.75,45.25
"642",-76.5,45.25
"643",-76.25,45.25
"644",-76,45.25
"645",-75.75,45.25
"646",-75.5,45.25
"647",-75.25,45.25
"648",-75,45.25
"649",-74.75,45.25
"650",-74.5,45.25
"651",-74.25,45.25
"652",-74,45.25
"653",-73.75,45.25
"654",-73.5,45.25
"655",-73.25,45.25
"656",-73,45.25
"657",-72.75,45.25
"658",-72.5,45.25
"659",-72.25,45.25
"660",-72,45.25
"661",-71.75,45.25
"662",-71.5,45.25
"663",-71.25,45.25
"664",-71,45.25
"665",-70.75,45.25
"666",-70.5,45.25
"667",-70.25,45.25
"668",-70,45.25
"669",-69.75,45.25
"670",-69.5,45.25
"671",-69.25,45.25
"672",-69,45.25
"673",-68.75,45.25
"674",-68.5,45.25
"675",-68.25,45.25
"676",-68,45.25
"677",-67.75,45.25
"678",-67.5,45.25
"679",-67.25,45.25
"680",-67,45.25
"681",-66.75,45.25
"682",-66.5,45.25
"683",-66.25,45.25
"684",-66,45.25
"685",-80,45
"686",-79.75,45
"687",-79.5,45
"688",-79.25,45
"689",-79,45
"690",-78.75,45
"691",-78.5,45
"692",-78.25,45
"693",-78,45
"694",-77.75,45
"695",-77.5,45
"696",-77.25,45
"697",-77,45
"698",-76.75,45
"699",-76.5,45
"700",-76.25,45
"701",-76,45
"702",-75.75,45
"703",-75.5,45
"704",-75.25,45
"705",-75,45
"706",-74.75,45
"707",-74.5,45
"708",-74.25,45
"709",-74,45
"710",-73.75,45
"711",-73.5,45
"712",-73.25,45
"713",-73,45
"714",-72.75,45
"715",-72.5,45
"716",-72.25,45
"717",-72,45
"718",-71.75,45
"719",-71.5,45
"720",-71.25,45
"721",-71,45
"722",-70.75,45
"723",-70.5,45
"724",-70.25,45
"725",-70,45
"726",-69.75,45
"727",-69.5,45
"728",-69.25,45
"729",-69,45
"730",-68.75,45
"731",-68.5,45
"732",-68.25,45
"733",-68,45
"734",-67.75,45
"735",-67.5,45
"736",-67.25,45
"737",-67,45
"738",-66.75,45
"739",-66.5,45
"740",-66.25,45
"741",-66,45
"742",-80,44.75
"743",-79.75,44.75
"744",-79.5,44.75
"745",-79.25,44.75
"746",-79,44.75
"747",-78.75,44.75
"748",-78.5,44.75
"749",-78.25,44.75
"750",-78,44.75
"751",-77.75,44.75
"752",-77.5,44.75
"753",-77.25,44.75
"754",-77,44.75
"755",-76.75,44.75
"756",-76.5,44.75
"757",-76.25,44.75
"758",-76,44.75
"759",-75.75,44.75
"760",-75.5,44.75
"761",-75.25,44.75
"762",-75,44.75
"763",-74.75,44.75
"764",-74.5,44.75
"765",-74.25,44.75
"766",-74,44.75
"767",-73.75,44.75
"768",-73.5,44.75
"769",-73.25,44.75
"770",-73,44.75
"771",-72.75,44.75
"772",-72.5,44.75
"773",-72.25,44.75
"774",-72,44.75
"775",-71.75,44.75
"776",-71.5,44.75
"777",-71.25,44.75
"778",-71,44.75
"779",-70.75,44.75
"780",-70.5,44.75
"781",-70.25,44.75
"782",-70,44.75
"783",-69.75,44.75
"784",-69.5,44.75
"785",-69.25,44.75
"786",-69,44.75
"787",-68.75,44.75
"788",-68.5,44.75
"789",-68.25,44.75
"790",-68,44.75
"791",-67.75,44.75
"792",-67.5,44.75
"793",-67.25,44.75
"794",-67,44.75
"795",-66.75,44.75
"796",-66.5,44.75
"797",-66.25,44.75
"798",-66,44.75
"799",-80,44.5
"800",-79.75,44.5
"801",-79.5,44.5
"802",-79.25,44.5
"803",-79,44.5
"804",-78.75,44.5
"805",-78.5,44.5
"806",-78.25,44.5
"807",-78,44.5
"808",-77.75,44.5
"809",-77.5,44.5
"810",-77.25,44.5
"811",-77,44.5
"812",-76.75,44.5
"813",-76.5,44.5
"814",-76.25,44.5
"815",-76,44.5
"816",-75.75,44.5
"817",-75.5,44.5
"818",-75.25,44.5
"819",-75,44.5
"820",-74.75,44.5
"821",-74.5,44.5
"822",-74.25,44.5
"823",-74,44.5
"824",-73.75,44.5
"825",-73.5,44.5
"826",-73.25,44.5
"827",-73,44.5
"828",-72.75,44.5
"829",-72.5,44.5
"830",-72.25,44.5
"831",-72,44.5
"832",-71.75,44.5
"833",-71.5,44.5
"834",-71.25,44.5
"835",-71,44.5
"836",-70.75,44.5
"837",-70.5,44.5
"838",-70.25,44.5
"839",-70,44.5
"840",-69.75,44.5
"841",-69.5,44.5
"842",-69.25,44.5
"843",-69,44.5
"844",-68.75,44.5
"845",-68.5,44.5
"846",-68.25,44.5
"847",-68,44.5
"848",-67.75,44.5
"849",-67.5,44.5
"850",-67.25,44.5
"851",-67,44.5
"852",-66.75,44.5
"853",-66.5,44.5
"854",-66.25,44.5
"855",-66,44.5
"856",-80,44.25
"857",-79.75,44.25
"858",-79.5,44.25
"859",-79.25,44.25
"860",-79,44.25
"861",-78.75,44.25
"862",-78.5,44.25
"863",-78.25,44.25
"864",-78,44.25
"865",-77.75,44.25
"866",-77.5,44.25
"867",-77.25,44.25
"868",-77,44.25
"869",-76.75,44.25
"870",-76.5,44.25
"871",-76.25,44.25
"872",-76,44.25
"873",-75.75,44.25
"874",-75.5,44.25
"875",-75.25,44.25
"876",-75,44.25
"877",-74.75,44.25
"878",-74.5,44.25
"879",-74.25,44.25
"880",-74,44.25
"881",-73.75,44.25
"882",-73.5,44.25
"883",-73.25,44.25
"884",-73,44.25
"885",-72.75,44.25
"886",-72.5,44.25
"887",-72.25,44.25
"888",-72,44.25
"889",-71.75,44.25
"890",-71.5,44.25
"891",-71.25,44.25
"892",-71,44.25
"893",-70.75,44.25
"894",-70.5,44.25
"895",-70.25,44.25
"896",-70,44.25
"897",-69.75,44.25
"898",-69.5,44.25
"899",-69.25,44.25
"900",-69,44.25
"901",-68.75,44.25
"902",-68.5,44.25
"903",-68.25,44.25
"904",-68,44.25
"905",-67.75,44.25
"906",-67.5,44.25
"907",-67.25,44.25
"908",-67,44.25
"909",-66.75,44.25
"910",-66.5,44.25
"911",-66.25,44.25
"912",-66,44.25
"913",-80,44
"914",-79.75,44
"915",-79.5,44
"916",-79.25,44
"917",-79,44
"918",-78.75,44
"919",-78.5,44
"920",-78.25,44
"921",-78,44
"922",-77.75,44
"923",-77.5,44
"924",-77.25,44
"925",-77,44
"926",-76.75,44
"927",-76.5,44
"928",-76.25,44
"929",-76,44
"930",-75.75,44
"931",-75.5,44
"932",-75.25,44
"933",-75,44
"934",-74.75,44
"935",-74.5,44
"936",-74.25,44
"937",-74,44
"938",-73.75,44
"939",-73.5,44
"940",-73.25,44
"941",-73,44
"942",-72.75,44
"943",-72.5,44
"944",-72.25,44
"945",-72,44
"946",-71.75,44
"947",-71.5,44
"948",-71.25,44
"949",-71,44
"950",-70.75,44
"951",-70.5,44
"952",-70.25,44
"953",-70,44
"954",-69.75,44
"955",-69.5,44
"956",-69.25,44
"957",-69,44
"958",-68.75,44
"959",-68.5,44
"960",-68.25,44
"961",-68,44
"962",-67.75,44
"963",-67.5,44
"964",-67.25,44
"965",-67,44
"966",-66.75,44
"967",-66.5,44
"968",-66.25,44
"969",-66,44
"970",-80,43.75
"971",-79.75,43.75
"972",-79.5,43.75
"973",-79.25,43.75
"974",-79,43.75
"975",-78.75,43.75
"976",-78.5,43.75
"977",-78.25,43.75
"978",-78,43.75
"979",-77.75,43.75
"980",-77.5,43.75
"981",-77.25,43.75
"982",-77,43.75
"983",-76.75,43.75
"984",-76.5,43.75
"985",-76.25,43.75
"986",-76,43.75
"987",-75.75,43.75
"988",-75.5,43.75
"989",-75.25,43.75
"990",-75,43.75
"991",-74.75,43.75
"992",-74.5,43.75
"993",-74.25,43.75
"994",-74,43.75
"995",-73.75,43.75
"996",-73.5,43.75
"997",-73.25,43.75
"998",-73,43.75
"999",-72.75,43.75
"1000",-72.5,43.75
"1001",-72.25,43.75
"1002",-72,43.75
"1003",-71.75,43.75
"1004",-71.5,43.75
"1005",-71.25,43.75
"1006",-71,43.75
"1007",-70.75,43.75
"1008",-70.5,43.75
"1009",-70.25,43.75
"1010",-70,43.75
"1011",-69.75,43.75
"1012",-69.5,43.75
"1013",-69.25,43.75
"1014",-69,43.75
"1015",-68.75,43.75
"1016",-68.5,43.75
"1017",-68.25,43.75
"1018",-68,43.75
"1019",-67.75,43.75
"1020",-67.5,43.75
"1021",-67.25,43.75
"1022",-67,43.75
"1023",-66.75,43.75
"1024",-66.5,43.75
"1025",-66.25,43.75
"1026",-66,43.75
"1027",-80,43.5
"1028",-79.75,43.5
"1029",-79.5,43.5
"1030",-79.25,43.5
"1031",-79,43.5
"1032",-78.75,43.5
"1033",-78.5,43.5
"1034",-78.25,43.5
"1035",-78,43.5
"1036",-77.75,43.5
"1037",-77.5,43.5
"1038",-77.25,43.5
"1039",-77,43.5
"1040",-76.75,43.5
"1041",-76.5,43.5
"1042",-76.25,43.5
"1043",-76,43.5
"1044",-75.75,43.5
"1045",-75.5,43.5
"1046",-75.25,43.5
"1047",-75,43.5
"1048",-74.75,43.5
"1049",-74.5,43.5
"1050",-74.25,43.5
"1051",-74,43.5
"1052",-73.75,43.5
"1053",-73.5,43.5
"1054",-73.25,43.5
"1055",-73,43.5
"1056",-72.75,43.5
"1057",-72.5,43.5
"1058",-72.25,43.5
"1059",-72,43.5
"1060",-71.75,43.5
"1061",-71.5,43.5
"1062",-71.25,43.5
"1063",-71,43.5
"1064",-70.75,43.5
"1065",-70.5,43.5
"1066",-70.25,43.5
"1067",-70,43.5
"1068",-69.75,43.5
"1069",-69.5,43.5
"1070",-69.25,43.5
"1071",-69,43.5
"1072",-68.75,43.5
"1073",-68.5,43.5
"1074",-68.25,43.5
"1075",-68,43.5
"1076",-67.75,43.5
"1077",-67.5,43.5
"1078",-67.25,43.5
"1079",-67,43.5
"1080",-66.75,43.5
"1081",-66.5,43.5
"1082",-66.25,43.5
"1083",-66,43.5
"1084",-80,43.25
"1085",-79.75,43.25
"1086",-79.5,43.25
"1087",-79.25,43.25
"1088",-79,43.25
"1089",-78.75,43.25
"1090",-78.5,43.25
"1091",-78.25,43.25
"1092",-78,43.25
"1093",-77.75,43.25
"1094",-77.5,43.25
"1095",-77.25,43.25
"1096",-77,43.25
"1097",-76.75,43.25
"1098",-76.5,43.25
"1099",-76.25,43.25
"1100",-76,43.25
"1101",-75.75,43.25
"1102",-75.5,43.25
"1103",-75.25,43.25
"1104",-75,43.25
"1105",-74.75,43.25
"1106",-74.5,43.25
"1107",-74.25,43.25
"1108",-74,43.25
"1109",-73.75,43.25
"1110",-73.5,43.25
"1111",-73.25,43.25
"1112",-73,43.25
"1113",-72.75,43.25
"1114",-72.5,43.25
"1115",-72.25,43.25
"1116",-72,43.25
"1117",-71.75,43.25
"1118",-71.5,43.25
"1119",-71.25,43.25
"1120",-71,43.25
"1121",-70.75,43.25
"1122",-70.5,43.25
"1123",-70.25,43.25
"1124",-70,43.25
"1125",-69.75,43.25
"1126",-69.5,43.25
"1127",-69.25,43.25
"1128",-69,43.25
"1129",-68.75,43.25
"1130",-68.5,43.25
"1131",-68.25,43.25
"1132",-68,43.25
"1133",-67.75,43.25
"1134",-67.5,43.25
"1135",-67.25,43.25
"1136",-67,43.25
"1137",-66.75,43.25
"1138",-66.5,43.25
"1139",-66.25,43.25
"1140",-66,43.25
"1141",-80,43
"1142",-79.75,43
"1143",-79.5,43
"1144",-79.25,43
"1145",-79,43
"1146",-78.75,43
"1147",-78.5,43
"1148",-78.25,43
"1149",-78,43
"1150",-77.75,43
"1151",-77.5,43
"1152",-77.25,43
"1153",-77,43
"1154",-76.75,43
"1155",-76.5,43
"1156",-76.25,43
"1157",-76,43
"1158",-75.75,43
"1159",-75.5,43
"1160",-75.25,43
"1161",-75,43
"1162",-74.75,43
"1163",-74.5,43
"1164",-74.25,43
"1165",-74,43
"1166",-73.75,43
"1167",-73.5,43
"1168",-73.25,43
"1169",-73,43
"1170",-72.75,43
"1171",-72.5,43
"1172",-72.25,43
"1173",-72,43
"1174",-71.75,43
"1175",-71.5,43
"1176",-71.25,43
"1177",-71,43
"1178",-70.75,43
"1179",-70.5,43
"1180",-70.25,43
"1181",-70,43
"1182",-69.75,43
"1183",-69.5,43
"1184",-69.25,43
"1185",-69,43
"1186",-68.75,43
"1187",-68.5,43
"1188",-68.25,43
"1189",-68,43
"1190",-67.75,43
"1191",-67.5,43
"1192",-67.25,43
"1193",-67,43
"1194",-66.75,43
"1195",-66.5,43
"1196",-66.25,43
"1197",-66,43
"1198",-80,42.75
"1199",-79.75,42.75
"1200",-79.5,42.75
"1201",-79.25,42.75
"1202",-79,42.75
"1203",-78.75,42.75
"1204",-78.5,42.75
"1205",-78.25,42.75
"1206",-78,42.75
"1207",-77.75,42.75
"1208",-77.5,42.75
"1209",-77.25,42.75
"1210",-77,42.75
"1211",-76.75,42.75
"1212",-76.5,42.75
"1213",-76.25,42.75
"1214",-76,42.75
"1215",-75.75,42.75
"1216",-75.5,42.75
"1217",-75.25,42.75
"1218",-75,42.75
"1219",-74.75,42.75
"1220",-74.5,42.75
"1221",-74.25,42.75
"1222",-74,42.75
"1223",-73.75,42.75
"1224",-73.5,42.75
"1225",-73.25,42.75
"1226",-73,42.75
"1227",-72.75,42.75
"1228",-72.5,42.75
"1229",-72.25,42.75
"1230",-72,42.75
"1231",-71.75,42.75
"1232",-71.5,42.75
"1233",-71.25,42.75
"1234",-71,42.75
"1235",-70.75,42.75
"1236",-70.5,42.75
"1237",-70.25,42.75
"1238",-70,42.75
"1239",-69.75,42.75
"1240",-69.5,42.75
"1241",-69.25,42.75
"1242",-69,42.75
"1243",-68.75,42.75
"1244",-68.5,42.75
"1245",-68.25,42.75
"1246",-68,42.75
"1247",-67.75,42.75
"1248",-67.5,42.75
"1249",-67.25,42.75
"1250",-67,42.75
"1251",-66.75,42.75
"1252",-66.5,42.75
"1253",-66.25,42.75
"1254",-66,42.75
"1255",-80,42.5
"1256",-79.75,42.5
"1257",-79.5,42.5
"1258",-79.25,42.5
"1259",-79,42.5
"1260",-78.75,42.5
"1261",-78.5,42.5
"1262",-78.25,42.5
"1263",-78,42.5
"1264",-77.75,42.5
"1265",-77.5,42.5
"1266",-77.25,42.5
"1267",-77,42.5
"1268",-76.75,42.5
"1269",-76.5,42.5
"1270",-76.25,42.5
"1271",-76,42.5
"1272",-75.75,42.5
"1273",-75.5,42.5
"1274",-75.25,42.5
"1275",-75,42.5
"1276",-74.75,42.5
"1277",-74.5,42.5
"1278",-74.25,42.5
"1279",-74,42.5
"1280",-73.75,42.5
"1281",-73.5,42.5
"1282",-73.25,42.5
"1283",-73,42.5
"1284",-72.75,42.5
"1285",-72.5,42.5
"1286",-72.25,42.5
"1287",-72,42.5
"1288",-71.75,42.5
"1289",-71.5,42.5
"1290",-71.25,42.5
"1291",-71,42.5
"1292",-70.75,42.5
"1293",-70.5,42.5
"1294",-70.25,42.5
"1295",-70,42.5
"1296",-69.75,42.5
"1297",-69.5,42.5
"1298",-69.25,42.5
"1299",-69,42.5
"1300",-68.75,42.5
"1301",-68.5,42.5
"1302",-68.25,42.5
"1303",-68,42.5
"1304",-67.75,42.5
"1305",-67.5,42.5
"1306",-67.25,42.5
"1307",-67,42.5
"1308",-66.75,42.5
"1309",-66.5,42.5
"1310",-66.25,42.5
"1311",-66,42.5
"1312",-80,42.25
"1313",-79.75,42.25
"1314",-79.5,42.25
"1315",-79.25,42.25
"1316",-79,42.25
"1317",-78.75,42.25
"1318",-78.5,42.25
"1319",-78.25,42.25
"1320",-78,42.25
"1321",-77.75,42.25
"1322",-77.5,42.25
"1323",-77.25,42.25
"1324",-77,42.25
"1325",-76.75,42.25
"1326",-76.5,42.25
"1327",-76.25,42.25
"1328",-76,42.25
"1329",-75.75,42.25
"1330",-75.5,42.25
"1331",-75.25,42.25
"1332",-75,42.25
"1333",-74.75,42.25
"1334",-74.5,42.25
"1335",-74.25,42.25
"1336",-74,42.25
"1337",-73.75,42.25
"1338",-73.5,42.25
"1339",-73.25,42.25
"1340",-73,42.25
"1341",-72.75,42.25
"1342",-72.5,42.25
"1343",-72.25,42.25
"1344",-72,42.25
"1345",-71.75,42.25
"1346",-71.5,42.25
"1347",-71.25,42.25
"1348",-71,42.25
"1349",-70.75,42.25
"1350",-70.5,42.25
"1351",-70.25,42.25
"1352",-70,42.25
"1353",-69.75,42.25
"1354",-69.5,42.25
"1355",-69.25,42.25
"1356",-69,42.25
"1357",-68.75,42.25
"1358",-68.5,42.25
"1359",-68.25,42.25
"1360",-68,42.25
"1361",-67.75,42.25
"1362",-67.5,42.25
"1363",-67.25,42.25
"1364",-67,42.25
"1365",-66.75,42.25
"1366",-66.5,42.25
"1367",-66.25,42.25
"1368",-66,42.25
"1369",-80,42
"1370",-79.75,42
"1371",-79.5,42
"1372",-79.25,42
"1373",-79,42
"1374",-78.75,42
"1375",-78.5,42
"1376",-78.25,42
"1377",-78,42
"1378",-77.75,42
"1379",-77.5,42
"1380",-77.25,42
"1381",-77,42
"1382",-76.75,42
"1383",-76.5,42
"1384",-76.25,42
"1385",-76,42
"1386",-75.75,42
"1387",-75.5,42
"1388",-75.25,42
"1389",-75,42
"1390",-74.75,42
"1391",-74.5,42
"1392",-74.25,42
"1393",-74,42
"1394",-73.75,42
"1395",-73.5,42
"1396",-73.25,42
"1397",-73,42
"1398",-72.75,42
"1399",-72.5,42
"1400",-72.25,42
"1401",-72,42
"1402",-71.75,42
"1403",-71.5,42
"1404",-71.25,42
"1405",-71,42
"1406",-70.75,42
"1407",-70.5,42
"1408",-70.25,42
"1409",-70,42
"1410",-69.75,42
"1411",-69.5,42
"1412",-69.25,42
"1413",-69,42
"1414",-68.75,42
"1415",-68.5,42
"1416",-68.25,42
"1417",-68,42
"1418",-67.75,42
"1419",-67.5,42
"1420",-67.25,42
"1421",-67,42
"1422",-66.75,42
"1423",-66.5,42
"1424",-66.25,42
"1425",-66,42
"1426",-80,41.75
"1427",-79.75,41.75
"1428",-79.5,41.75
"1429",-79.25,41.75
"1430",-79,41.75
"1431",-78.75,41.75
"1432",-78.5,41.75
"1433",-78.25,41.75
"1434",-78,41.75
"1435",-77.75,41.75
"1436",-77.5,41.75
"1437",-77.25,41.75
"1438",-77,41.75
"1439",-76.75,41.75
"1440",-76.5,41.75
"1441",-76.25,41.75
"1442",-76,41.75
"1443",-75.75,41.75
"1444",-75.5,41.75
"1445",-75.25,41.75
"1446",-75,41.75
"1447",-74.75,41.75
"1448",-74.5,41.75
"1449",-74.25,41.75
"1450",-74,41.75
"1451",-73.75,41.75
"1452",-73.5,41.75
"1453",-73.25,41.75
"1454",-73,41.75
"1455",-72.75,41.75
"1456",-72.5,41.75
"1457",-72.25,41.75
"1458",-72,41.75
"1459",-71.75,41.75
"1460",-71.5,41.75
"1461",-71.25,41.75
"1462",-71,41.75
"1463",-70.75,41.75
"1464",-70.5,41.75
"1465",-70.25,41.75
"1466",-70,41.75
"1467",-69.75,41.75
"1468",-69.5,41.75
"1469",-69.25,41.75
"1470",-69,41.75
"1471",-68.75,41.75
"1472",-68.5,41.75
"1473",-68.25,41.75
"1474",-68,41.75
"1475",-67.75,41.75
"1476",-67.5,41.75
"1477",-67.25,41.75
"1478",-67,41.75
"1479",-66.75,41.75
"1480",-66.5,41.75
"1481",-66.25,41.75
"1482",-66,41.75
"1483",-80,41.5
"1484",-79.75,41.5
"1485",-79.5,41.5
"1486",-79.25,41.5
"1487",-79,41.5
"1488",-78.75,41.5
"1489",-78.5,41.5
"1490",-78.25,41.5
"1491",-78,41.5
"1492",-77.75,41.5
"1493",-77.5,41.5
"1494",-77.25,41.5
"1495",-77,41.5
"1496",-76.75,41.5
"1497",-76.5,41.5
"1498",-76.25,41.5
"1499",-76,41.5
"1500",-75.75,41.5
"1501",-75.5,41.5
"1502",-75.25,41.5
"1503",-75,41.5
"1504",-74.75,41.5
"1505",-74.5,41.5
"1506",-74.25,41.5
"1507",-74,41.5
"1508",-73.75,41.5
"1509",-73.5,41.5
"1510",-73.25,41.5
"1511",-73,41.5
"1512",-72.75,41.5
"1513",-72.5,41.5
"1514",-72.25,41.5
"1515",-72,41.5
"1516",-71.75,41.5
"1517",-71.5,41.5
"1518",-71.25,41.5
"1519",-71,41.5
"1520",-70.75,41.5
"1521",-70.5,41.5
"1522",-70.25,41.5
"1523",-70,41.5
"1524",-69.75,41.5
"1525",-69.5,41.5
"1526",-69.25,41.5
"1527",-69,41.5
"1528",-68.75,41.5
"1529",-68.5,41.5
"1530",-68.25,41.5
"1531",-68,41.5
"1532",-67.75,41.5
"1533",-67.5,41.5
"1534",-67.25,41.5
"1535",-67,41.5
"1536",-66.75,41.5
"1537",-66.5,41.5
"1538",-66.25,41.5
"1539",-66,41.5
"1540",-80,41.25
"1541",-79.75,41.25
"1542",-79.5,41.25
"1543",-79.25,41.25
"1544",-79,41.25
"1545",-78.75,41.25
"1546",-78.5,41.25
"1547",-78.25,41.25
"1548",-78,41.25
"1549",-77.75,41.25
"1550",-77.5,41.25
"1551",-77.25,41.25
"1552",-77,41.25
"1553",-76.75,41.25
"1554",-76.5,41.25
"1555",-76.25,41.25
"1556",-76,41.25
"1557",-75.75,41.25
"1558",-75.5,41.25
"1559",-75.25,41.25
"1560",-75,41.25
"1561",-74.75,41.25
"1562",-74.5,41.25
"1563",-74.25,41.25
"1564",-74,41.25
"1565",-73.75,41.25
"1566",-73.5,41.25
"1567",-73.25,41.25
"1568",-73,41.25
"1569",-72.75,41.25
"1570",-72.5,41.25
"1571",-72.25,41.25
"1572",-72,41.25
"1573",-71.75,41.25
"1574",-71.5,41.25
"1575",-71.25,41.25
"1576",-71,41.25
"1577",-70.75,41.25
"1578",-70.5,41.25
"1579",-70.25,41.25
"1580",-70,41.25
"1581",-69.75,41.25
"1582",-69.5,41.25
"1583",-69.25,41.25
"1584",-69,41.25
"1585",-68.75,41.25
"1586",-68.5,41.25
"1587",-68.25,41.25
"1588",-68,41.25
"1589",-67.75,41.25
"1590",-67.5,41.25
"1591",-67.25,41.25
"1592",-67,41.25
"1593",-66.75,41.25
"1594",-66.5,41.25
"1595",-66.25,41.25
"1596",-66,41.25
"1597",-80,41
"1598",-79.75,41
"1599",-79.5,41
"1600",-79.25,41
"1601",-79,41
"1602",-78.75,41
"1603",-78.5,41
"1604",-78.25,41
"1605",-78,41
"1606",-77.75,41
"1607",-77.5,41
"1608",-77.25,41
"1609",-77,41
"1610",-76.75,41
"1611",-76.5,41
"1612",-76.25,41
"1613",-76,41
"1614",-75.75,41
"1615",-75.5,41
"1616",-75.25,41
"1617",-75,41
"1618",-74.75,41
"1619",-74.5,41
"1620",-74.25,41
"1621",-74,41
"1622",-73.75,41
"1623",-73.5,41
"1624",-73.25,41
"1625",-73,41
"1626",-72.75,41
"1627",-72.5,41
"1628",-72.25,41
"1629",-72,41
"1630",-71.75,41
"1631",-71.5,41
"1632",-71.25,41
"1633",-71,41
"1634",-70.75,41
"1635",-70.5,41
"1636",-70.25,41
"1637",-70,41
"1638",-69.75,41
"1639",-69.5,41
"1640",-69.25,41
"1641",-69,41
"1642",-68.75,41
"1643",-68.5,41
"1644",-68.25,41
"1645",-68,41
"1646",-67.75,41
"1647",-67.5,41
"1648",-67.25,41
"1649",-67,41
"1650",-66.75,41
"1651",-66.5,41
"1652",-66.25,41
"1653",-66,41
"1654",-80,40.75
"1655",-79.75,40.75
"1656",-79.5,40.75
"1657",-79.25,40.75
"1658",-79,40.75
"1659",-78.75,40.75
"1660",-78.5,40.75
"1661",-78.25,40.75
"1662",-78,40.75
"1663",-77.75,40.75
"1664",-77.5,40.75
"1665",-77.25,40.75
"1666",-77,40.75
"1667",-76.75,40.75
"1668",-76.5,40.75
"1669",-76.25,40.75
"1670",-76,40.75
"1671",-75.75,40.75
"1672",-75.5,40.75
"1673",-75.25,40.75
"1674",-75,40.75
"1675",-74.75,40.75
"1676",-74.5,40.75
"1677",-74.25,40.75
"1678",-74,40.75
"1679",-73.75,40.75
"1680",-73.5,40.75
"1681",-73.25,40.75
"1682",-73,40.75
"1683",-72.75,40.75
"1684",-72.5,40.75
"1685",-72.25,40.75
"1686",-72,40.75
"1687",-71.75,40.75
"1688",-71.5,40.75
"1689",-71.25,40.75
"1690",-71,40.75
"1691",-70.75,40.75
"1692",-70.5,40.75
"1693",-70.25,40.75
"1694",-70,40.75
"1695",-69.75,40.75
"1696",-69.5,40.75
"1697",-69.25,40.75
"1698",-69,40.75
"1699",-68.75,40.75
"1700",-68.5,40.75
"1701",-68.25,40.75
"1702",-68,40.75
"1703",-67.75,40.75
"1704",-67.5,40.75
"1705",-67.25,40.75
"1706",-67,40.75
"1707",-66.75,40.75
"1708",-66.5,40.75
"1709",-66.25,40.75
"1710",-66,40.75
"1711",-80,40.5
"1712",-79.75,40.5
"1713",-79.5,40.5
"1714",-79.25,40.5
"1715",-79,40.5
"1716",-78.75,40.5
"1717",-78.5,40.5
"1718",-78.25,40.5
"1719",-78,40.5
"1720",-77.75,40.5
"1721",-77.5,40.5
"1722",-77.25,40.5
"1723",-77,40.5
"1724",-76.75,40.5
"1725",-76.5,40.5
"1726",-76.25,40.5
"1727",-76,40.5
"1728",-75.75,40.5
"1729",-75.5,40.5
"1730",-75.25,40.5
"1731",-75,40.5
"1732",-74.75,40.5
"1733",-74.5,40.5
"1734",-74.25,40.5
"1735",-74,40.5
"1736",-73.75,40.5
"1737",-73.5,40.5
"1738",-73.25,40.5
"1739",-73,40.5
"1740",-72.75,40.5
"1741",-72.5,40.5
"1742",-72.25,40.5
"1743",-72,40.5
"1744",-71.75,40.5
"1745",-71.5,40.5
"1746",-71.25,40.5
"1747",-71,40.5
"1748",-70.75,40.5
"1749",-70.5,40.5
"1750",-70.25,40.5
"1751",-70,40.5
"1752",-69.75,40.5
"1753",-69.5,40.5
"1754",-69.25,40.5
"1755",-69,40.5
"1756",-68.75,40.5
"1757",-68.5,40.5
"1758",-68.25,40.5
"1759",-68,40.5
"1760",-67.75,40.5
"1761",-67.5,40.5
"1762",-67.25,40.5
"1763",-67,40.5
"1764",-66.75,40.5
"1765",-66.5,40.5
"1766",-66.25,40.5
"1767",-66,40.5
"1768",-80,40.25
"1769",-79.75,40.25
"1770",-79.5,40.25
"1771",-79.25,40.25
"1772",-79,40.25
"1773",-78.75,40.25
"1774",-78.5,40.25
"1775",-78.25,40.25
"1776",-78,40.25
"1777",-77.75,40.25
"1778",-77.5,40.25
"1779",-77.25,40.25
"1780",-77,40.25
"1781",-76.75,40.25
"1782",-76.5,40.25
"1783",-76.25,40.25
"1784",-76,40.25
"1785",-75.75,40.25
"1786",-75.5,40.25
"1787",-75.25,40.25
"1788",-75,40.25
"1789",-74.75,40.25
"1790",-74.5,40.25
"1791",-74.25,40.25
"1792",-74,40.25
"1793",-73.75,40.25
"1794",-73.5,40.25
"1795",-73.25,40.25
"1796",-73,40.25
"1797",-72.75,40.25
"1798",-72.5,40.25
"1799",-72.25,40.25
"1800",-72,40.25
"1801",-71.75,40.25
"1802",-71.5,40.25
"1803",-71.25,40.25
"1804",-71,40.25
"1805",-70.75,40.25
"1806",-70.5,40.25
"1807",-70.25,40.25
"1808",-70,40.25
"1809",-69.75,40.25
"1810",-69.5,40.25
"1811",-69.25,40.25
"1812",-69,40.25
"1813",-68.75,40.25
"1814",-68.5,40.25
"1815",-68.25,40.25
"1816",-68,40.25
"1817",-67.75,40.25
"1818",-67.5,40.25
"1819",-67.25,40.25
"1820",-67,40.25
"1821",-66.75,40.25
"1822",-66.5,40.25
"1823",-66.25,40.25
"1824",-66,40.25
"1825",-80,40
"1826",-79.75,40
"1827",-79.5,40
"1828",-79.25,40
"1829",-79,40
"1830",-78.75,40
"1831",-78.5,40
"1832",-78.25,40
"1833",-78,40
"1834",-77.75,40
"1835",-77.5,40
"1836",-77.25,40
"1837",-77,40
"1838",-76.75,40
"1839",-76.5,40
"1840",-76.25,40
"1841",-76,40
"1842",-75.75,40
"1843",-75.5,40
"1844",-75.25,40
"1845",-75,40
"1846",-74.75,40
"1847",-74.5,40
"1848",-74.25,40
"1849",-74,40
"1850",-73.75,40
"1851",-73.5,40
"1852",-73.25,40
"1853",-73,40
"1854",-72.75,40
"1855",-72.5,40
"1856",-72.25,40
"1857",-72,40
"1858",-71.75,40
"1859",-71.5,40
"1860",-71.25,40
"1861",-71,40
"1862",-70.75,40
"1863",-70.5,40
"1864",-70.25,40
"1865",-70,40
"1866",-69.75,40
"1867",-69.5,40
"1868",-69.25,40
"1869",-69,40
"1870",-68.75,40
"1871",-68.5,40
"1872",-68.25,40
"1873",-68,40
"1874",-67.75,40
"1875",-67.5,40
"1876",-67.25,40
"1877",-67,40
"1878",-66.75,40
"1879",-66.5,40
"1880",-66.25,40
"1881",-66,40
